run_name,bpp_loss,psnr,ms_ssim,enc_time,dec_time,enc_kmac_per_px,dec_kmac_per_px,total_kmac_per_px,total_params,energy_1,energy_2,energy_3,energy_4
AHT_DCT_lmbda0.0018_20260126,0.73907568359375,22.14693201828003,0.7773579344153404,0.007185580253601075,0.00674811053276062,10.3715,13.104,23.4755,3539696,1.468548243688885,0.30016990963276474,0.24818177778832615,0.09027038276952226
